{
    "depolarizing": [
        [
            0,
            1.0000000000000004
        ],
        [
            0.01,
            0.9610966065659452
        ],
        [
            0.05,
            0.8919635192668202
        ],
        [
            0.1,
            0.69037331552128
        ],
        [
            0.2,
            0.6233558306328373
        ]
    ],
    "amplitude": [
        [
            0,
            1.0000000000000002
        ],
        [
            0.01,
            0.9999202085440929
        ],
        [
            0.05,
            0.9171913790692396
        ],
        [
            0.1,
            0.8611523819997501
        ],
        [
            0.2,
            0.6747213998189764
        ]
    ]
}