{
    "depolarizing": [
        [
            0,
            1.0000000000000004
        ],
        [
            0.01,
            0.9730065420424562
        ],
        [
            0.05,
            0.8447438015984792
        ],
        [
            0.1,
            0.8569402644558479
        ],
        [
            0.2,
            0.6646528584344559
        ]
    ],
    "amplitude": [
        [
            0,
            1.0
        ],
        [
            0.01,
            0.9558689967703043
        ],
        [
            0.05,
            0.8523001815965507
        ],
        [
            0.1,
            0.7243730239949777
        ],
        [
            0.2,
            0.7401874041309443
        ]
    ]
}