{
    "depolarizing": [
        [
            0,
            1.0000000000000002
        ],
        [
            0.01,
            0.9688337495461035
        ],
        [
            0.05,
            0.9057337674467382
        ],
        [
            0.1,
            0.6127462450460915
        ],
        [
            0.2,
            0.6901990856562965
        ]
    ],
    "amplitude": [
        [
            0,
            1.0000000000000004
        ],
        [
            0.01,
            0.9619669729336139
        ],
        [
            0.05,
            0.935719596403541
        ],
        [
            0.1,
            0.8436240639065576
        ],
        [
            0.2,
            0.6350166542425459
        ]
    ]
}